path,sha256,bytes,event_status
ability/artifact_01.wav,2e0695f16e0bb690957ea85557f91f7cdd3f9d949ed96833349a2ad3a50f9876,45932,current
ability/artifact_02.wav,0184e14e8f1a79c24e5ba3380cc68b10f1a3bd836ffba64070f8ca48c7605cae,45932,current
ability/artifact_03.wav,2b38f90e0b4708b3eb5b36fceded286cc9df389d2f94765e849762f038ba0daa,45932,current
ability/prayer_01.wav,da591469c1da73796e860cd16c5be25ae64ab6c4dadf91b7282cf582db8e6636,39124,current
ability/prayer_02.wav,cbf388b217bd60a7220fb8efda27af2ba7f75c94f288636da9f1435b73fa2c3d,39064,current
ability/rod_01.wav,762dfc07be1193bfd5987bcf9a675c07f13be825e958dec51dacec4f3362eb3a,21616,current
ability/rod_02.wav,f42f08a5edaa3d4d2269a6dc9ab9841ea1b216081db0fde6a86b57db6ac3ac05,20698,current
ability/rod_03.wav,2711041d863291d3ebfadb0590a71081f447207ffe3a0f83537cdd450764ccf9,20668,current
ability/rune_01.wav,fd5754e307a8bd4e32f047360b87e4b946afd6e6cebc54be3dae7a8144c9fada,40990,current
ability/rune_02.wav,fbee2c27f79bb3ce053aa028864ddc057a06bac47ae6b732a27c850d81e48b36,40800,current
ability/rune_03.wav,d755cf9bfd7161942b1df977b720c16888d01fd63afbd462022f0854db739ec1,40978,current
ability/spell_01.wav,f95d070fde54998754e14737ece1cb766bcdf473ff1306c0b9b45ff5c6084e27,26012,current
ability/spell_02.wav,19acabe954d1b4d6e2878551c5077d38e0ec81c7d0bd7a4be65111f017637a99,31158,current
ability/spell_03.wav,39afd2900ef3e5e53737f3c3b881db0a063dd389a853897b08dfaaf72be22a57,28116,current
ability/spell_04.wav,4ce2cd0a5268d0be14a1b226b60c07cbccd47c4e4556c89f9b210c41995f52dd,31524,current
ability/staff_01.wav,00584010b0925f307839583512878fa45c003ed8e2d7ab1d949c85802f8ec34f,26390,current
ability/staff_02.wav,a97c0df48e7dbb9eab5613a972c7565fefc2ccc32d2e9a4f44d5e436ffa84d4e,26040,current
ability/staff_03.wav,48a3fe7d07f448ab70513a8cf8dc883387ada6caf4312eb4bcbc23b4e1f16306,25976,current
ability/teleport_01.wav,f10abdb0c987166afc3be58850eea4aed9a547f264759a45e73dfe9f4cb814ef,40542,current
ability/teleport_02.wav,e28785b6c6aa3e1eb3665ad763a76b8cece6f400ef4ed9c4c68c7442d335a5c8,41862,current
ability/teleport_03.wav,f01c94fc54e293f6c708bc61146333c170a80a81645c0e1eebca4ebd570e14a7,40544,current
ability/teleport_level_01.wav,15beb4ceea39735a7b0157c8b6275068bd0d70beb1707aba4759096bae4ee48a,154008,current
ability/teleport_level_02.wav,a30446d0530cf42048233a1ade23ee3e56c99d90ec7e0a087c7d2e9f665046c9,156180,current
ability/teleport_other_01.wav,d88c886e549056aad28abf1aebf8c2b2259593d65a874a16079ded166ba8b69d,43160,current
ability/teleport_other_02.wav,71b193669d3f260b628745660575f4f4a33bccafc2f40c11a93fcd0bb2eb378f,43180,current
ambient/meridian_deep_01.wav,1b3a88a1c660f96dd4f5576cc7fc7eb575632af324cf90bdd4ede6a738fa2240,11520044,current
ambient/meridian_deep_02.wav,f5057178cf941e082fd1d552538d8282f9be0e63413802ca3ac484ca6574d5e2,11520044,current
ambient/meridian_lower_01.wav,9cbd6dd947f9cb2d2e66146c69e23ca7d54919749b13e126144f9ddd57ae28fe,11520044,current
ambient/meridian_lower_02.wav,58fa81bd2443e6ae3ad874e30d2cbf5b7165fb17418a5338680fe1e1c92605de,11520044,current
ambient/meridian_middle_01.wav,88129dd3d9d5d35fa7440da1a4d5141b21a31bf28ecee56be20c97d38fa1b2ab,11520044,current
ambient/meridian_middle_02.wav,9a24bdf3808570586c72fdc3445a17f028cd1cfca3782da08a703c74415785e4,11520044,current
ambient/meridian_shallow_01.wav,151e38bf6b8570ecd84cbca49e61b220247af8a5e2efacde44961d6c65bccaa9,11520044,current
ambient/meridian_shallow_02.wav,9bb8a316d797eaead7a5efb7dfd669b6d21f0327c9fa28ffedfc582674df0040,11520044,current
ambient/meridian_upper_01.wav,e1145e8c5e96e200e5d022662210c052e512f42844cc3da8aebc20746b28786d,11520044,current
ambient/meridian_upper_02.wav,b99100e319d1587eedadcc9e07e3e332a1f7b36513f14037b52f43680a01c6b4,11520044,current
ambient/surface_day_01.wav,9f0bac6daa4757fa59430765da78905d34e097cc756da97e8caabe6edd4622e5,11520044,current
ambient/surface_day_02.wav,ea1fdc445747f1db360ca7dcf79939665d1e105c44b72c5b0dfb80efd0207c58,11520044,current
ambient/surface_night_01.wav,6d8fc8ca7279de4b723c2d93246d1d035c183d1d5e5ef95a60a38bcd56a61a15,11520044,current
ambient/surface_night_02.wav,3d4d04a6d2a3b84436a504139408b6c0c1be1e896e7266e655ef4566dce091b8,11520044,current
breath/acid_01.wav,27af3a22b8092de60b4f1237b375fd9b2483d45974e80e8553e8320f18a18f19,58224,current
breath/acid_02.wav,70eda2295c2f0ee108eea81b5fee11cd861d648e192ea41dd0c17b4d8ebb7c04,58268,current
breath/chaos_01.wav,5d21d293c3ceee860ba1b5bafcbe7e5a601dedb03d18db8800ba7a39f7d4e0c3,56518,current
breath/chaos_02.wav,fdbe2ece55375142932fab54f09074e2361de9d0c2014307a99d1aa41b0a42a7,57226,current
breath/dark_01.wav,1007d87d1e2a865e8ef68ea25fca023fc78ae29ed7240e73a508ca20e2cc705a,59878,current
breath/dark_02.wav,a7323e2394e68aace347979d27f30fecc2a0ef33b177702be5422c8bdefb3c52,59522,current
breath/disenchant_01.wav,a0ce1902d46054c6e9947d472085ba1dcc1ff057e6ecadd1eeb871a00b867a76,58412,current
breath/disenchant_02.wav,f742cbcdec3f9aceb7e83f4427b252aecb72fcf8753621c6219a48bdfcd80d2e,60294,current
breath/electric_01.wav,3b55fd5b2c43bff0935b21e28618de9b210385f3b187de52ecc533a7f4f4d71c,49416,current
breath/electric_02.wav,cb60916f966ef1e637775848e24ae8b3483209f1e58bddc3efb29dc6c358072e,49658,current
breath/elements_01.wav,e5ff5d72838627e2e25b69788d44cd2f040c47471edf602e1aec763d7403823b,56720,current
breath/elements_02.wav,47c5590ec6e173c5e33c8d95b94be627d0cfe8b175f5eef0c9769a1350655d40,56778,current
breath/fire_01.wav,7ec0f2d358f963a521c8df0e9dc9005241f4788be6fcaa216333addf091e65e1,63164,current
breath/fire_02.wav,0bd9d0efd1ec48916c6e3701c1a841106fea20572b73194c14a7cd25fbbb5514,62684,current
breath/fire_03.wav,d1b934f43eeb3c548c5246ad88b9034f097d4a5cf96594159171f53f8d2b14a4,62650,current
breath/force_01.wav,2d3ec4adbb49643876ba4ba368ba093b6b170737339791bacf257659a4d5f5a9,38320,current
breath/force_02.wav,5744a3284b16ed07c13d1bac4106af440d973dc78f15de950ba32976a15ace06,39612,current
breath/frost_01.wav,fe144085ffee41a44bad228a907e7c6a39efd28b75fc4d82898795ed896a70ef,52652,current
breath/frost_02.wav,a62194055410ec0e37cdfcfb08bbce9000e5fcbbe52b8ea0aff559dc0c217f80,52652,current
breath/gas_01.wav,c9918dc117d00259dd2ec9eebc9e6a22cf18794f082b70f1b554db8812de0be5,66712,current
breath/gas_02.wav,1a7ed1747c60295a9a12488b1833042ed8ddba9f75ed55719e242e6c59458f91,65484,current
breath/gravity_01.wav,71b09280ba7f70eb422416a0291ba0065dd7ced4b8203bce3ccb720d57d88467,58842,current
breath/gravity_02.wav,6cb1c3cbe45345fd4929ab29964866a87a7e468c2a06884ae6982a4997fa67ec,58690,current
breath/inertia_01.wav,06db694305c351c6aea33ca65c0b723959344a1b4af78ec629c841f2bc085176,58680,current
breath/inertia_02.wav,fe43c1d83c21fd8335c468614f8b1f7bb50cf7a4da8bdd132c5f7bbba742fa39,57400,current
breath/light_01.wav,61086a7d5e19729cfdf49491d33a153c45e7ebbd1f894dc6cc286cd2295c30fc,50286,current
breath/light_02.wav,76b4aeb88a7791d6fb566e90ba720776104301cf07e40dd42e78c77d0a180e14,51230,current
breath/nether_01.wav,f39199fcc3c83e0850019d7442984418e10eb4cfa400f8abdf88190b57714979,72022,current
breath/nether_02.wav,5994c4443b42334c7a41f7ef88c7ab095a7974ac9006942950c8bb4ec4e1bf21,71060,current
breath/nexus_01.wav,87b735a94b9d4c79fc85fa4ff7dc64f5bf87b7e1423f562f7cdeeac3aacf6b76,52652,current
breath/nexus_02.wav,d9de5af9613e92ad5a161e9bb1529b1e0d8450405b8a6bb83dc1a1940b4f47ce,52652,current
breath/plasma_01.wav,bfef9f7ea4aacf1448c855eea8433c3528dbc7b4e4867d9a05007644ce64a281,56808,current
breath/plasma_02.wav,50198b5583a9641c918c4a04f1d36f5f42e250237c276d5b111945e0541cfe6a,56868,current
breath/shards_01.wav,2f843ba2f7028b2f0ec07b64e4a1452ede4bd2e11b23f3129f45c6d08d1d71b4,49672,current
breath/shards_02.wav,f84b3ccbd409f28ebd3cb95a6fe60cab4fd18563e9918fad3791673566fd905a,49500,current
breath/sound_01.wav,01d135bc2050d30c1325cc02bd3a5c6db8e39c9eb65ba001b7c819ab7cdb4b9f,52652,current
breath/sound_02.wav,0aa620ea02cb437b0d3307b1b8f6ae302f929cead1226e8b8dc6cec93b6bbf26,52652,current
breath/time_01.wav,d8762e9a42be6c814acd7dee221175f8a662090baced861dfdfc28a07f5251ca,61010,current
breath/time_02.wav,ba86dd07959e916e7da3d50cb5f975e3fd97f39457eecc057efa83bf55d7ef8c,65374,current
combat/hit_exceptional_01.wav,730e04834a0682118187926a53177c9c3565d22724a959ddb99ecffceb193308,26780,current
combat/hit_exceptional_02.wav,ea6754a4f2579a07f3902e0eff0e066047ba43be7951cc243b4d46e6c468abe0,28086,current
combat/hit_exceptional_03.wav,93548354861a34628820b825f992134412395af894370187ce707d1627e90a3e,24762,current
combat/hit_good_01.wav,570a3c62d2f822b77d6dbc6f8eff882cf9ece451bf5d5034190de6fe50420dcb,12958,current
combat/hit_good_02.wav,74af752b538656754ea0bcc3511d59c6eff28ba6c7053426f4b7c692635e9f48,14096,current
combat/hit_good_03.wav,d4bcd10652732467bdc56c0a86a3cbe58d4c4ba5e6f4a5997f16ca7389755e92,12022,current
combat/hit_good_04.wav,49c20e192ad73ba8ee526e7e73e81d0223b56efaf6aba19a5e76fc0b932e99f7,13036,current
combat/hit_heavy_01.wav,13eb6018e83a887d37f60109f4772fa8f95e60d8ca966bc482ec8819d1501a8a,18950,current
combat/hit_heavy_02.wav,bfc2adf8542bf327c203170374af0f2e1d072ede5edb709ce04df38b3a038938,18216,current
combat/hit_heavy_03.wav,167e8b1117901f3e3007c9c9f249aa00923efe812edf1afcab1c5677b7aa9a95,18106,current
combat/hit_heavy_04.wav,2e133cb98e7fa2a5b7f01745d8fd7d29aab4a2ea822814cbcbb0fdffc5590fb1,18054,current
combat/hit_light_01.wav,e3655f0d19aa11b95c071a66bb071eb4e6ddec82770bbb8c0a73ce1ada4673ea,6912,current
combat/hit_light_02.wav,cd54ffc781f0d6a9a799a7ed0a1e112be19f11a59f36e4d05446b7b4f23ed523,6986,current
combat/hit_light_03.wav,74e5a8dcdb6c18e2a901470d31f9c14195fafd0fc354009ea9753d4ab723f71e,7254,current
combat/hit_light_04.wav,8e96deff161520bb75dfe8babf3078e290db9b8a8b3feb067fc4a74beff08933,6956,current
combat/hit_light_05.wav,434c5a62fb84909865a8125c806120897d9aac37d2b533ea366136383d48e688,7026,current
combat/hit_superb_01.wav,deb7b9c6306ffaab2180f05a7f1ef64a07a04ba1248ae1b34b691d6f1ce1222e,24182,current
combat/hit_superb_02.wav,90221298522815abcf0a7d8313655e598e99345dfd6167d9111d348f2b8e127d,23318,current
combat/hit_superb_03.wav,2d574d9c5f8f3d34d15b382a15df5454e621c09b09540fcc1685ce90ee01830c,24880,current
combat/kill_01.wav,6a292a936026a81c364fad4ec3a6461a41d6c1f9eb91eba0aa1a10db1fb57423,21804,current
combat/kill_02.wav,a72fbc57af4f4908418249ce93a1f34653d18a78d893becf5668d5858133a042,21832,current
combat/kill_03.wav,81560427bb0ce3adc6ba234a4d2a9c4806aafad317cd2fa1d4e38971c0b4abe0,21806,current
combat/kill_final_01.wav,bee794eae7d7552856f06e7069ab25e0237a2ac2750e7ea0bfbaade54a113b66,265328,current
combat/kill_unique_01.wav,a6aacc99221d59e842d41f377b26c5e9f5e26956ef0cdff6174e60a9441c7a9e,176240,current
combat/shoot_01.wav,c9f5e1d76f53440ae7fa12c6aceeefe52d41d0498cc46905e5310d3cdef1d5f5,9112,current
combat/shoot_02.wav,29130476ec25320da8756a863445b51ea9574457bc66453fc7e32918dfa77f36,8876,current
combat/shoot_03.wav,b04dd4575d98fe8bd6b6efbfe6504ffa6870940e0603802ba67a92d6539adb30,8944,current
combat/shoot_04.wav,7fe2b057ff93c6f9639ab1a1722e2f5b1e6375a42a09619d0f72052ddac49dbc,8876,current
combat/shoot_hit_01.wav,b2add72b488bc1060c2ca5eea4dde2c83f17af5874eeed672d10a8d83ad88bfa,8672,current
combat/shoot_hit_02.wav,93feb18d98d7de7e8636b7a1d98bc412cfdb4011f5a6d683eb4f12e175686c92,8364,current
combat/shoot_hit_03.wav,9792b8e787feee4ef7c0d4ab9739a46480b1e64e6e132303b05ec50ebe55693b,8784,current
combat/shoot_hit_04.wav,3de02712669f37daafc6ed6c6cc207a24066959080e78e2303004f345cdec5b0,8990,current
combat/swing_miss_01.wav,b1ed3be0d46e598ea0362464653a784764b311b3d5a87e8151dfe9371a87e63a,13002,current
combat/swing_miss_02.wav,0ff42e4012a1ebf9fed668aaa3be08ab226a39acad7d0f8bd5c8388388061ca4,13002,current
combat/swing_miss_03.wav,a8c1f914fb31bd2c833bc2f92eb1470f05c70c7703011d0a88047e4fec157b43,13000,current
combat/swing_miss_04.wav,2351bcf744e3fada266d0150d3a7b43529a054b6d18781cd1a11cfffccc49ab8,12998,current
commerce/coin_large_01.wav,3bfcfaeb1a1ae7b0a6ea343b72853d4b74d0d9a1029b2fed008adf1a8e804abc,18356,current
commerce/coin_large_02.wav,a4d0c0306bd6653f09797c9acce27d0758a9621c4e26294ecebd2d7329c91426,16502,current
commerce/coin_large_03.wav,b90f4f3573a9eb35de80bf170f0412db82a5738739b56a9adf193493964ee234,17720,current
commerce/coin_medium_01.wav,d68bfbde95959caf5a3be6d204fd9fc8f6dc30c157abf8a8144f7789487d699b,10902,current
commerce/coin_medium_02.wav,00ded05845965de43bf22365f4b0b42252a20c4fec98edc8166fea53b0a8c7e4,14982,current
commerce/coin_medium_03.wav,f78407d9c8937bad9055c0a1ab4011cdaa6fe67fee096b1700e6c715d1c8e3d7,15598,current
commerce/coin_small_01.wav,a52c33237d6e2fc1beb0e114f1c277b6f1838218b822b1e9e0ba618c59d5e2e0,14060,current
commerce/coin_small_02.wav,3eeaa1ed0058890263979f5786cd3f2615e5a7740ac09c4b9500454b820cc70c,14304,current
commerce/coin_small_03.wav,5ffac235d15087ac0e3f2a2e446b97a6f759e9070ac883b13536e1b20fe9f6b2,13878,current
commerce/store_fair_01.wav,2be86776f243c3809618430d9cdc2de7aea5d066b29b6fb019e8003801e2e07a,14226,current
commerce/store_fair_02.wav,846259c10abad999ff8999a37a15c58103e045645b4a84f5122fd7b8d04c3e71,13004,current
commerce/store_good_01.wav,fb90290f53cce0e25b855a580f5a7968d84cbe1eff386aaa9bbb6442b43fb1c8,12732,current
commerce/store_good_02.wav,05e960f224ce96408fd5a1cafc1bc2b064e918b249e8046dc7a300ddd59f8b47,13144,current
commerce/store_poor_01.wav,e1f8d33cbb676aebd1ba8da1fe2e97eebf655063b124d620841f5caf9720e2e6,9434,current
commerce/store_poor_02.wav,b5c0ea4d96827b39dfd352dc9ccf98a112fbefe8008b12a1270608ded50640f0,9154,current
commerce/store_reject_01.wav,c0e835db75ca0c068fdb86bae23e2f196fae9d689f13cc9eec5dd60cef94657f,9042,current
commerce/store_reject_02.wav,ff25ee6cdfb5490c9708d438b1da583ad070bc6ea7f88b838fb5e88d3e6d7924,8768,current
commerce/store_sale_01.wav,971d29d1da774ef18f150b1bcbc7dea90503ac5891ee47dae29d2fdddaa8fa95,17728,current
commerce/store_sale_02.wav,130360ebc2462c92b6fbf508204e08592ee8a5ec7d2f1a46fb031b5f3d67ded6,16004,current
commerce/store_sale_03.wav,fbd730d04120b92aba324547529b05d2711e129dba1572494e0afadbdfc448a5,15500,current
consumable/eat_01.wav,bf4aed598a90d3f66eb090efa64be25c7a6ce455e1287f2b9e40ca3ba53e35bd,18870,current
consumable/eat_02.wav,c9cee306a91a85fb366fabdd797811221ce42483dc8565bde6dbe48dea3777a6,18386,current
consumable/eat_03.wav,aae764af308f32c888aaf44168a7d84f1d99b76a10a4d79c6019fc7a0c0c86a8,19704,current
consumable/eat_04.wav,5fac618f401de438d977520a4167e5efc9b71bbb9cb0b3cc7a9d6ee12742b77f,18962,current
consumable/quaff_01.wav,840c58331cf7b40bb8c41c78dbbb6944ca8cb2be6880fc7e4b6c8026a32ea6b8,27884,current
consumable/quaff_02.wav,284496e0f3f4d8d2c062a461337a8993039a176879fd09905e1be17db4922ade,27884,current
consumable/quaff_03.wav,e05de16b25f5a409bea8d13b8c4aac4dcb2ae2ad360a93e3372bec90a36821e7,27884,current
fishing/bite_01.wav,3486b10d33f755aa87e7e9376a7d2c665b381a2444160629d906941b064cf4d3,14914,current
fishing/bite_02.wav,c652537f2afe34cdc179f4193593dd67481f2afed49eb03fa4f9cae62ea6fb39,14914,current
fishing/bite_03.wav,0e3fb2718679c061cca7c79b2e79fb9c6c19ea792182fd5452473efca58bdc35,14914,current
fishing/cast_01.wav,e833e425c2465002e1f5a6c04496954cc3cf7d4d51bc084c9bce67ab6340efbf,35372,current
fishing/cast_02.wav,856c50765d7bf0031bdf0b3b6c48bc201081a6119a5d9abc4a60d956efeb1b86,35372,current
fishing/cast_03.wav,234638351ccd8273021ba72268d44d26639d48877cae73fc7d02033f027e82da,29182,current
fishing/cast_04.wav,d063c058ecffe6847b45cec5db7ff42495477be25fd3f639c71bcc7d1fc8aada,34306,current
fishing/catch_01.wav,32de0e2529ccc140e37b2c7df1b97f6e1a7026fca5b5aceb7335d9272e1bfd35,34718,current
fishing/catch_02.wav,11e2ba16fb39ffa2505174ecfcd09a31867ff7aee98407a156c29de1adba9fed,39864,current
fishing/catch_03.wav,1a602259df0d38396082b67fd2b6cd88d7b89648e3f45fb6688105ef08638555,43984,current
fishing/escape_01.wav,8c360c34d54159cd6406fa54ce49dfae67bebe04a19d5b676704b3b97142f6c3,33326,current
fishing/escape_02.wav,f6ef59242df6141e193ba37e9c6d6c8b48d5eb5679d555b7d27a065de27bb7ea,28644,current
fishing/escape_03.wav,2096ae8494eba1e918b42cb5e988312775edc14f088a9d5deb8c915115582b11,29212,current
fishing/line_move_01.wav,51a54bf38324acd4302b05e2d5d4121344bf852d84b451a7e4b16fc35967264b,7302,current
fishing/line_move_02.wav,73ab83b46f9dd6a075486a5358c999ee597352b6f076202dffa1427273e6f73e,7510,current
fishing/line_move_03.wav,f6619d6019db7eab16c69d1224bcfc54fdeb7113b7e866acb4a495cc8757ff2d,7564,current
fishing/line_move_04.wav,f718586cf98504d4dfcd811871f09c866b7379d5216166774a7d0e9b3237090f,7452,current
fishing/reel_01.wav,96daf29072e6153830c7226f60e36501ec70bd25671e80073ce869a7b4f0d76e,11238,current
fishing/reel_02.wav,d809eaca62a8267a8bdddf536b0878c07c5f54d6508fc997f593a8394086168d,10590,current
fishing/reel_03.wav,fdfd08b612ddafa48fde9acbb87380b962cdd0e95a14c66a18192abf779803a9,10574,current
fishing/reel_04.wav,6bfcdcc2f192fee9a7a07c7e4422be53188293a9e8899e1da8017fef450f3c3e,10662,current
interaction/create_trap_01.wav,147c1999773dbebf7fb0201b60eabbce18896fced626ea789561f0b66ffe8c66,18072,current
interaction/create_trap_02.wav,c9ee92385e903cc183050c4cef6571ce8463dd07dc1901a239151c0f14102c25,20366,current
interaction/create_trap_03.wav,aec956df9ce9fe45c91f8202059f9e39ab1770a41dd3bfc19199bf25cdb2c409,18168,current
interaction/dig_01.wav,66feb949453baeb94a6fb192c67a455bcb828f89036472e9ea2e07f4b49a6eee,14262,current
interaction/dig_02.wav,ec56c3c190e114f563ae56d842cb22591722bdfc949bc42f5e7f6cf008aa14d9,13676,current
interaction/dig_03.wav,41acfa935ada746f5633d41c2170a4d5fc1e55c85d0755c216faa04b34ad33fb,13676,current
interaction/dig_04.wav,15fc15a0e1ef4a7366241e59dd730b263d21decb8072d66d276cae2c3e89bf40,13676,current
interaction/disarm_01.wav,411c9a9f5838c3f602a79f571104b69a6209d96cee09557358b5849a67c1402b,17346,current
interaction/disarm_02.wav,71045e8d47f9abc4591ec471f2842b0dd7051806798305f4116aa3bdd0db9477,17614,current
interaction/door_close_01.wav,1e9a87cf73a61c0b5b84c707691738fb9e905c1482b4b7ae00270363ab0fc517,27578,current
interaction/door_close_02.wav,40e4c56daaf82f7b26a67ecf2566ab0e300a182dee07c56902afb13935210e8c,23794,current
interaction/door_close_03.wav,ddb7464b9a5ccb59d8bfbae5c2615bd2ad489372a0f5e20e94f132188637638b,25514,current
interaction/door_open_01.wav,5b11e05fb3ba68fa583b0ee5da3dd94b7132e4c196a0a59d0f3d47a17bc2ad74,28568,current
interaction/door_open_02.wav,92e04bca20fe43813b2212521b2634a1fd99b37f5266f8abc5f137bd1c496a3d,29376,current
interaction/door_open_03.wav,7c66c3e0a4aa6ab3ad48da61259a9e877b0db598fa707248bc30deb2413c6b8d,28900,current
interaction/locked_01.wav,b774eb46555e0df66cd03011021892c38aa15c809cde701d139a29437945b9ee,10046,current
interaction/locked_02.wav,15405123cb272937e8f81e584faaaf3507034df923592caed24a1ed8a0b22719,10894,current
interaction/stairs_down_01.wav,8f576aa040f4f5b6c994f81a9bb2f0a1077797750b6c3d2afcce138760fbec80,20014,current
interaction/stairs_down_02.wav,feb61238d2b63a0c57531ab0d0c2cd7adcc521f95892a654a6f6c5f6b62575e5,20872,current
interaction/stairs_up_01.wav,672dcf117e7ad8f5e8241e7926597b8634b0600825f750d5fd08a14309ac94b4,18678,current
interaction/stairs_up_02.wav,888eee5d566fa79e96db5aba3d96d1f217429d58ce42d9472b7c032d99ae371f,17996,current
interaction/unlock_01.wav,21b407b3460a86eb09640a30a6833d8da83f0344eaf566fd1c913282932c330f,14070,current
interaction/unlock_02.wav,24cfba9b9579efc8045cbac1efe342c072489d5adae434f58c8d6c06000890ab,13854,current
inventory/destroy_01.wav,7ca2168333a4c390e3ea7ac7a4a6872afe5cb2e5debf7cc29eb17deee14c1c11,15796,current
inventory/destroy_02.wav,40b3439844935e318bc7ffb996e3175383c7aea4412dcf703483bd7585deb225,18690,current
inventory/destroy_03.wav,6ce3cb115644e8a9f4d11bd15e0e072609310d53a53f9d231e7a7cee125a148a,16646,current
inventory/drop_01.wav,329b90f7f86dcb1ce5c1dd98f980bbc65757f45f7308bb32fab4a1e4d44bc7e0,10186,current
inventory/drop_02.wav,b1c88b80e4f6e2aeef3af844296cd6d2be76f08fc81d044387b910c0e33f5d21,10252,current
inventory/drop_03.wav,52c35c2c506cd16d753ada2444ab84e0ea4e38d5b70c92d17a849e1b310704fd,8772,current
inventory/drop_04.wav,79cd859b6a93a0564dc6260a0c85c7e9f89e99cd3344a4907b80691267f9d441,11174,current
inventory/pickup_01.wav,e40fda4a9810aaf6210c5a7001c98ae5efbeb0a8949b727234c165cd2c63ed97,8582,current
inventory/pickup_02.wav,d461d828f2347be5cb55d5a26b17a50e70fad53bce6569282568b2db31134c63,8602,current
inventory/pickup_03.wav,cc9e5410c40d7e2a07be5332ccd582cc12be00290e8e13e90652a1ee3f674041,8608,current
inventory/pickup_04.wav,ad1f69d04aae14e63ec4e59239b33434bf92add2bd306a14357b3ac7456df290,9172,current
inventory/quiver_01.wav,fd4101e7e287cff580b36b64a81fdbbf0e40a0a729957b4cc1ac08b3ccf7331f,9226,current
inventory/quiver_02.wav,79127a2feac9da3e3a402227788c8bf09713fb573875015d716d95fde4591d38,7916,current
inventory/wield_01.wav,d35f1e8940cf53396a4ec481b13124d1e85affdefeb38292255eae96829cc64a,13224,current
inventory/wield_02.wav,3c8c9ac09b2ae87526168a7afbcee20015f1cadd11048bf1a6c0c63ba8833c0c,12376,current
inventory/wield_03.wav,307262344ecb713e3f880f31a5559bdcb9fef2b8611da35f472dfa47dc47f875,12258,current
larder/donate_01.wav,a5c2b1eac78f1d58ed997d9ac14d5e231379c095e8015d4c31a8b03a0e244aef,21330,current
larder/donate_02.wav,22d5cbabe6132b24f4149f1e76fb3f8f7678aa82fca2c94df26c76bdd1bda87f,21050,current
larder/donate_03.wav,1f9800e5052159ff9be2caf3f0702cf3b3337005aba2f8d439a31e93912bccc0,21078,current
larder/milestone_01.wav,a392440eb0aa6699c113d24f4fd4e6a3fece7e3148954d1c3901f3f24bfd1846,110912,current
monster/beg_01.wav,eb1ab7ab58002293687571cca46fb3867b097a7111f5d62977e6972423a2efb2,40360,current
monster/beg_02.wav,3c161a507fec1453ce0e035d372a370307d1af5bb89963fcdbac9944fddf30c3,40348,current
monster/bite_01.wav,97dfde2f70607c9d88afc54fa299fbe9c203f3e3a76e437682551264a8a9a116,10432,current
monster/bite_02.wav,02783b082937edd1b612ea50d035c24902b57de8298056660bba90bcd8dfef37,11506,current
monster/bite_03.wav,6591672be05181b82e83d899eb5eca6f1fa63d5ea7f88781814b3c70edbda1d0,10690,current
monster/butt_01.wav,5ec934a7c3bf491d2363f7bc032554521e38ba34ed21ecf7fc051c3b3a28673b,17060,current
monster/butt_02.wav,c7b42c60c89c7d435629b53e8de925807e20cadc4a1c4eef51192b8db290ca4a,16676,current
monster/butt_03.wav,0a1486e92a45f6a4b0d62c19ed17389f54f16c6cf59f3a43abf24bf6140b20c9,15364,current
monster/claw_01.wav,47c14be5b78a2e328675509ad6205d771321bfa2e44a1156f9151a0f70003d08,11930,current
monster/claw_02.wav,70a5fa90b3c610e06f2239af3375fa33c74e99122f81f64de8f7080b3a7bbf12,9298,current
monster/claw_03.wav,ac4393a9502934c4c0d6f37731d2c07373ee455c3e59af0d73c53ff251f36738,9912,current
monster/crawl_01.wav,b6dae4eef0d49b12ef907922f08f41aa035f9eeccbf347f7a09502b281493acc,16346,current
monster/crawl_02.wav,a28e0efe8f1a588aa573a6a7fcb3686c7916ec874afd75d810569fd7341aec7b,17324,current
monster/crawl_03.wav,20a6df6e0744d943ad62649fd97a5f1bda974b44b42ff0275b41e0ac35a25df3,17324,current
monster/crush_01.wav,affb0bcf4f387f8fd30660e630d7cbd4761dfbd04df74a0d4bdcae8270a800c1,25214,current
monster/crush_02.wav,fe28e49dfe885258c3dcce0b429c6b9add41e4a69555d957604977add201b0eb,24336,current
monster/crush_03.wav,140e8e20e83e90e1bef3fa3ac16771f15c51876d7373a2102fc8f31cdd2e5f9a,25460,current
monster/drool_01.wav,1435a8e2b2b51022c97a0b28733632c88acf68d95907e653990b59e90d9cbf46,16994,current
monster/drool_02.wav,6e32539bc9f4e8da85922d5ea88b88a70f32dd015ba56bf7861d450ca3ddce81,16238,current
monster/engulf_01.wav,3322a3b87aecaa649934fd8454339e1a82052336dc785bbece9fecb4412c48e0,25768,current
monster/engulf_02.wav,3b0f3843005d417c5405eab2861c46ba4429361cee6a7fb489d0937fc56da61d,26746,current
monster/engulf_03.wav,7e7bf51680b587f51412ec47dc655eaf3713e6b91b1b49fc7c66ee52701f5736,25768,current
monster/fear_cast_01.wav,65663cf5b38ca783df5fcb3453b89c3f8f0bc24f4baea200369964353878ce9b,32710,current
monster/fear_cast_02.wav,afeed4dde4225119bd52887ab9ee61c8d9a286ad07435a10fe544aac37afe916,32380,current
monster/gaze_01.wav,dce621678d5c0ae606b704a87d92b2a584fa2699dc2fadf9b28605778c5b6e8e,31514,current
monster/gaze_02.wav,737bbf733a2a111ba843a2fd0cc7d59626c1539f89029a28c800660a9c22e108,31530,current
monster/hit_01.wav,609dbbb109378008cadbc59835ca520b5ea57ccc89d84be3c0f469ce8d1d1610,11688,current
monster/hit_02.wav,b414e7de68c7909cc6169c0f525b2c918a8979dc2971d19f9d7e7d22540bcc68,12964,current
monster/hit_03.wav,886b8d19aa7b1ab0623b55a28431cea80a8840504fd1983fb3c56665007abbc2,11476,current
monster/hit_04.wav,8e97b4e5847502c613ee39cafa00d608de3f1c11f2fb9d909124795845bd3ff3,11228,current
monster/insult_01.wav,5afe83a1414437082237ebb5857bd0f10395f472137d8784c7967640d8fa945e,31270,current
monster/insult_02.wav,654f2b96d7786574b7c8d23bd92dfb92291d5d1d402ed65804e86575f0983ff6,31434,current
monster/insult_03.wav,87b1b154ba16db2f3ef7a3cfa7b843990ecf448abbbd4ca5598f5ff956f294f3,31422,current
monster/kick_01.wav,ded5c03f57f1728abd0fdc993cfef6436bcf723b0d6f5b60779f51a3eca93338,18204,current
monster/kick_02.wav,ff4de28d6f2e2dc199f2b38465d1d50386ecc495d84c405800bf20f5d564f8a0,16616,current
monster/kick_03.wav,0332395e6be28e1a1a2445fbc64ea8a2c98a89e5b183c4199b4de429275c75f4,15700,current
monster/moan_01.wav,89e2b094aa34803f0ed61fedccc002d17663f00099384b0bb22c6157ecb5221c,49962,current
monster/moan_02.wav,2ea97579c6a92c9b14ebe9ca4732a49921e977baa7d4071223e181a98b355649,49962,current
monster/moan_03.wav,45d57e989c3a4025085a314600a4c27b1b41c0e5373154a15bf3c40409c396ef,49960,current
monster/multiply_01.wav,14f342e62c2dbda4b33fd87f8e02157bf0d5061e018d8aeacfbab362437da780,29610,current
monster/multiply_02.wav,63a9cdcd48438d230b9496d93c7928f96f7ea58a751ff1d2268de2f1f793ed56,31352,current
monster/multiply_03.wav,004aaac1ec6e7a77ea0458ad0833b241ce05f4620a11a2fc6d937d3ef71ff048,30116,current
monster/punch_01.wav,b9b2f0151c4f6739efdf776d90f9aa03dd1f6b393a39cadf9efa8062ba47792e,14222,current
monster/punch_02.wav,436c4d6f51f4cca823bc4ce7acbedd5c1716eff78f681ffd3fe08d711c2db944,13620,current
monster/punch_03.wav,b7f87edf6d16b71fcfb0e043c1a36af60aea743368fe5430d60e68289c91bd1a,15786,current
monster/shriek_01.wav,63ef575766a73f84d258def02207ce7ea90d60d64152b8852423cb2aa09f9e80,36522,current
monster/shriek_02.wav,d13af69fdddc4e8d4c6b616388290ae5563622e22e033e07af37833aa78c22ab,36522,current
monster/shriek_03.wav,ba9c2bf6d73275270311294df6a42da24cec18af67cf306f7a9b1daf78ef4f84,36522,current
monster/spit_01.wav,fc88ac12e4b78f19a12107aa990a2cf5c21b7c936698f9c22cccce92311b3c9b,10936,current
monster/spit_02.wav,8c6a45b2448377ec269e054ac3f086221c73435b8105d2208c09d8b1c3f28bf8,11654,current
monster/spit_03.wav,87e4a6fe4e96f3a72027ee7724b00a8f7c08b493939ab60c9ea5d742b22141e1,11134,current
monster/spore_01.wav,0dffdb72d4faf69b819c2c50c7bde57b20a6bb6f62bbdb13fc859c2be2afa770,20160,current
monster/spore_02.wav,b30366f85d286adef9721ed8dc13c6182676c385c9765ab5f8965d931c2e409e,19854,current
monster/spore_03.wav,c63a5b2cfa7009c009a01a45d077c8b890b77bf24936fda80e05c4473268788a,19222,current
monster/sting_01.wav,ba2cf32964418c9f115c100cc803625a9400f7fb4a0abaa1e655e3b5d22b0b72,7132,current
monster/sting_02.wav,efc7093ee50c7bf2e8a219fda608400d9b8ea145f8e03e7a6221649c5cf5098d,7678,current
monster/sting_03.wav,e6376fdd7ac691a65d23a03f41c63f4f9398326d329d2da25b8f61e6577ea48d,7966,current
monster/touch_01.wav,4fe3318edd4aa37525518f13bdc525e268e8c44ed509d96db919a1a0d7e9b7d0,12436,current
monster/touch_02.wav,432206e13ca51130664b9e860f77d43100697a9a465e888bb26a2ec5feea24f2,12442,current
monster/touch_03.wav,b5577b8618e5061b0aff63e83968d2f0533a228e47f8af71b0c6f6099654d473,13104,current
monster/wail_01.wav,2d0c30fb87ee5e2a5aaba98290906e0a5caa022cc04a78d4d80d08e89ae32d34,49962,current
monster/wail_02.wav,18e5fd7f44e20d89c15b3ab32348d96c6176c0a40d21a01bcf6f59682d0d5034,49962,current
monster/wail_03.wav,1e606298ad93f10416f1f6c6310efafa1230982b333216819fe6c6fb522524e8,49962,current
movement/blocked_01.wav,7b0c00ddb05342ad152a42871a2b97dc19810450af18b1390284ee90e4faa859,6300,current
movement/blocked_02.wav,fb87aee7ecdcd980630714ab659bddade6674de0a3bd42f57c9c13f071003f86,6610,current
movement/blocked_03.wav,e7a55d2404a093023b15b633d4f9f8362e2a86f794926790df61207c03efb0da,5996,current
movement/climb_01.wav,bf2dad9ca8ed37f2c79c9ef95609c849572d9a667ee17efae58f383167c98aa6,8360,current
movement/climb_02.wav,dd744d40a6f463b9ca13c1a5b1ca89640093dff7b4d20b5bd3d99eb95ff38c25,8814,current
movement/climb_03.wav,99a486502c49b5b52855448be37be58ea0634e1ca719ad69363f0565a90eb60d,7974,current
movement/climb_04.wav,f672af7a6d2fa5050915472e6ffbf9e0780c2ea71c2e90b01e9da1ab71bfd165,9264,current
movement/step_01.wav,3c4e373bdafaf5451cce00137408d205445ceb8378fbf3813bfc5a8f2863b22f,6186,current
movement/step_02.wav,1d33b53285d495c2e9ddac60a1a5812b4c2e697910fd99112c63ce88468590e5,4772,current
movement/step_03.wav,e3c32b3cb9c79c4fca76c718d52bb2133085366899035adfa2a7847493357e74,6188,current
movement/step_04.wav,dcacdec55a4b18ee2f22ec574f46b7e5d60f1e348aa84e96bcb6f03b69d2ccca,5960,current
movement/step_05.wav,1f61a296584166aa5ceb8b9782d2de3c603f41d50df96e04baf5b75b5e71014b,6098,current
movement/step_06.wav,f52d393a1d652ca608f2eda97c1a481edfec2aefaba5b345684b173a35140909,5796,current
music/home_theme_01.wav,f78e6278547340ed7773683fb2fe2cef5c8ace61185568626929b3ab87f63508,31752044,current
player/death_01.wav,df972d77bc5bdbb05400793429908f2d17aa2e93b2de3f9ee8e8ac8b566e3a3c,202840,current
player/death_02.wav,8d09bbf5f471943566e47c24b1624f2e06c261414691211c29fa0b0e290566d8,208260,current
player/flee_01.wav,8cc1dcecd2b13961f02f3734f625549c7b5e455ed6e9d7d3b8fe71dba64ec942,9350,current
player/flee_02.wav,94cc081edb52c6e72c791e6b66cd353cbde66e9cb837287776ae0afd15f8e84c,9502,current
player/low_health_01.wav,8d1ff8314196b57f85fe3afbb671bdc0e7a28c4754644e06b080c0865c033d0a,23446,current
progress/identify_artifact_01.wav,ef6fa669c6d8b92dc29befb774ab0ee57ee8c08badfe99e873bf3e554c5aba47,89696,current
progress/identify_bad_01.wav,6debc988ffdc0ee0e56585afd5e5d65034cad43012a6ac6aff6323b40704d6ec,20628,current
progress/identify_ego_01.wav,1f7d1842c220a9c5c9ae41e6e251b41b7ae4bc1f217ed5db5a3f42e027046bb8,28046,current
progress/level_01.wav,70e5dea5ab0af7b5e45e1045bd32e8d05f994f86b7e5bdd441004b064040374f,98904,current
progress/study_01.wav,410395641f8586086da423f6240421b1da755156b420d64a39e5c8fdb11ff862,24100,current
progress/study_02.wav,699ab207d0140821d74e2f5b5938b91ebac51c4d96149c6ba56445aada3927f5,24104,current
spelunk/piton_hammer_01.wav,a34b2908367a83ded93190acd379bdea9820b620178dd478443ce95d1027329b,16898,current
spelunk/piton_hammer_02.wav,96cb8975f4559a7b86f2e8cb72afd71269dfa04b7fd196b67e69352bbbff4d6d,13668,current
spelunk/piton_hammer_03.wav,a6b4f288ad66875e44acd8f6615f8023cc8cc6fd8325a91789ab1f2b9424625e,16620,current
spelunk/piton_hammer_04.wav,7562df1a92f6d03d1f4e5f95f75c08d8108ea0dfa3045412476fceb74692cadf,14924,current
spelunk/rope_deploy_01.wav,2c39866ba1966d63c735beec6e843a21ab5a28b4f6d909fc15544c12e683c151,50928,current
spelunk/rope_deploy_02.wav,d364e29075ea35967fffcff246e8c7c99fef3917b1c8512914c6c14becd0daf0,50092,current
spelunk/rope_deploy_03.wav,28af32dc1c0511e802f212920be56152dc8e0f12a9ed9c62bb13355ddcb1a51b,50434,current
spelunk/rope_deploy_04.wav,96c785f06e976bf9799ed85762315e02b121be7dbe32292acfd75dd3f9d6c7d7,50112,current
status/afraid_01.wav,549195333e31201fdf8596b5c771c373752089f540c9bb86e239974215da6eda,29060,current
status/afraid_02.wav,d7c634a8bf4bd9387aa77685edd22147f61b61333e441ab9e6679387c811a863,29312,current
status/berserk_01.wav,9f4a15faed14a8e635c75911ac042d64d6f57bb433a1e828320593894c85b5c5,39072,current
status/berserk_02.wav,6f3f40f068dead93ae7cb63aaaf4bd36849956b20155f3074d7401a20979a9cf,38988,current
status/blessed_01.wav,664c8f414d196c25f886e72f49cd32616005ea5e4d70ef4f779b68d0f3a00064,33152,current
status/blessed_02.wav,2ba1a9274146ead9b61c20d44601b4ee8dbe38cc5155a4f89e23236493e3b812,33260,current
status/blind_01.wav,a2b5fcb017bdeec1fdef8e07935aa7bfb4166e6297f72d48a57fca3eefab622c,18980,current
status/blind_02.wav,85a3f4dc8c0f3fa0107380ee25436f8ebd3377b116e1cd7dd97894bd99964095,19366,current
status/bold_01.wav,50dd77f1dd9e382ffe22c6a8007a9d2b23018c7eeb086fe2c69847054b44f57d,16056,current
status/bold_02.wav,60ea4ebb4fbf98b9106340fff18f6a0e7ca7c61f09af9956fb98b260f99a405c,16112,current
status/confused_01.wav,28134fbe4d4692137029bc9874c416651447f6fa533f3882c833448c2cc00035,27258,current
status/confused_02.wav,68b59a97ef007ef394ab4ebebf9ac83036ff5beafddec93a0e49cf9cf74b871b,28486,current
status/cursed_01.wav,e9762e8ae5ca3d8c50236d7390e8a31b9ded139f01a9d64005885c4b190cba93,35366,current
status/cursed_02.wav,62b523af1e06f03b3b905fc9ff71eb2a6a0e81a7865b83caf302413bc8ddd428,35364,current
status/cut_01.wav,9fbace83a35587d6d4b04742ebb0c0f7eb176337cb24ce9af2c553b6f44e0f75,8040,current
status/cut_02.wav,68c8be2e29774fce41f565efa079c5743d8e1c04cec02045f011c788b94490cf,7874,current
status/cut_03.wav,f57463800367cb802e288bdd6f738b4b2d6d0f71aa544cfb8e49a45a3c523406,7912,current
status/drain_01.wav,547d5b10c8df16349a5b008696ed14160162e96e8faf56b36c0305d7333dabe4,34966,current
status/drain_02.wav,6556577b6e252395cb0d606abe831d4ed43c56d4513aaf26c675f346637c6a15,35620,current
status/drugged_01.wav,e5bb45d727323c5585d5693c8ba5f475606ef295b56cdf62086ad0c221e9ba0b,37746,current
status/drugged_02.wav,7281e6de7569b39639d75abeefd1d64534b07663198ae13cc7e19583f414ccee,36986,current
status/hero_01.wav,9967ad75c5afb0c39b011542e0850296c236b91212ebf3d9dd784d06e8c23d86,24514,current
status/hero_02.wav,e84f7921cb2ad60c04e2ac54f7993b11979037a7d4287ac07510eb3735a4a438,21826,current
status/hungry_01.wav,96009b0806d27d2b82061f67c35cc2afb6d208e4edf80f84ce3dd6f72e0633ff,23592,current
status/hungry_02.wav,606ab61bdcab0fdbd82d06602312e3a12a0b5a8c9807a8745486ed9d449b31aa,23822,current
status/infravision_01.wav,d53fceded254a2aef7cfdda5f4fea24b9399c908bc2fb5be4f7f16db63d35c71,30178,current
status/infravision_02.wav,864ea97b87440b009fa1982cffa6a61fd13db41e2a929a6dd62f5ddd1ba91045,29738,current
status/invulnerable_01.wav,6a326509466ebaf3dd5383bd0d15a325e8ee3782d27918e6000f8d143b35792e,110176,current
status/invulnerable_02.wav,51334222be9a1a1c06b11c7edf142edc1b4b853951753a91f62488e2320fb34f,113936,current
status/paralyzed_01.wav,4b2d324e89320ecad28fa54f06dbb8cf293659955c350cf825ce7cb4dbcae5db,30796,current
status/paralyzed_02.wav,61ab5a85454b33717d2cba9e2ff13465c7fc32712a8d8077320f43eb711090f1,30444,current
status/poisoned_01.wav,966656290a94cb7b3d8fb593c2fb1664cda17dd873fbd04c480589bb8f2a4d68,26998,current
status/poisoned_02.wav,0ac6808cc61a5d812d010f8acb52b4d946b38745dbb605200f8404f551970220,27714,current
status/protection_01.wav,1dda8e4f64b5b973503e1f6cbb9fd323fc150cc611911ccadb7d80e03dd5d57f,35344,current
status/protection_02.wav,e5f49dda73d0c2c7e8d9ddbddc6b0c9dd43943b501f86abbec91626d70b4c4c7,36520,current
status/recover_01.wav,6b2207b8899b8c10ed086c44892af75d33b5bdd1b1a3b3acda54f671b3371857,29556,current
status/recover_02.wav,796300c4dcb16a0ad2cc4c669517cb55959303d7df386fd549d35e003a09b3d5,29538,current
status/recover_03.wav,b5f3bfd9b65a89ee0e6103aa36f71ea09ce785b4d18cdfc98d722427e4cfdd72,29510,current
status/resist_acid_01.wav,06ab04bf736415cdc9642c79cf6345c6178b251435b9da905e08f37cb89c03e2,21890,current
status/resist_acid_02.wav,79d05cd705b4cce7d5fc570c0d2011d6e250651509cd0ccd56fb936ff19a079c,21662,current
status/resist_cold_01.wav,49f4d97056979114fa09d6f107ce39cfe5a0dde3748b709c790c8185a1744d08,23936,current
status/resist_cold_02.wav,f9c6dbed68b81fee9279570a79a865d84c07abafa664e1efd78b454d9d473ef5,23490,current
status/resist_electric_01.wav,f15c4db210c9bc46c931ec6f25dbe544d91e4dd7fa497d3301578add7e5cdd4b,27744,current
status/resist_electric_02.wav,5ff88e15c2d54318ee6d1e3959974f5af401dec4d1fc78bc4f3cb9697a1514a4,27400,current
status/resist_fire_01.wav,7fbc7b0394d8dba9d82e3be64d68072e73df8c21370f89d1fa942a9d8b6bb75e,28764,current
status/resist_fire_02.wav,0d836673e48dca5af59b9b3cb05706b9773a7ed5d9940f1af750109edb0870ac,29538,current
status/resist_poison_01.wav,29fce6be8260b2980052ee62d64a67ffc63f3a0e12480f17a32ff15ee391b132,32680,current
status/resist_poison_02.wav,29184066a3a8ff14c2b4d19a258af8ec72f5f7397e322e0507a7006b8f44ef18,32682,current
status/scramble_01.wav,294c528f37f02357dd7803ff7156f5cb28b7627c25befc41f95c58e5374997e7,32498,current
status/scramble_02.wav,7b09ccfb573b0829f91d33b0cc28bb5fc417671ceea57efc512ba514d11fe56e,32936,current
status/see_invisible_01.wav,61a8e9294622968b724c7dc34988e2cd38072626791912fe236ac041cd94740f,26060,current
status/see_invisible_02.wav,cf4a60a6a5268acc49a5a5e41bd2bd1aed2d3cad17b6be7c18f1077556a50f72,27902,current
status/shield_01.wav,ec975c5a631f27dfb9a317325e6d7503054d7fb49217cd2500294be5cbe0ad86,27266,current
status/shield_02.wav,82964c4272a5994d9d905d232f52bcb0ee5941cef2095663d975bf3f4a6feab1,26512,current
status/slow_01.wav,74d9d205a185d829a6528549bdb0c3a1b3d5a8e7d3c339715324e57adba2d703,29162,current
status/slow_02.wav,c4e71676e7d38c3ffe1fdd56bcfa87975766f69d02521b0cc80bfca5c22594b4,27792,current
status/speed_01.wav,263c10fe207f44f55c55f87864b10ae3d44cb389238758de077e830427d48490,17130,current
status/speed_02.wav,c5286bf7ad6b487cfde4a5d979d6dd65766e4c2bb1678a4a44315f0e1528fca4,17128,current
status/stun_01.wav,d11d2c54cf95aa6ec479d133176074abbb0ffbe30e19f6927b02af27a570354d,13142,current
status/stun_02.wav,1985a9b873f52452eab124b6a21264bc21353cd257663ca41c712d0430856398,10492,current
status/stun_03.wav,7b92d5dc9981a8cd0e67d4c0bc5c715025277045b48a13b8b2613356e7dd89db,10358,current
summon/animal_01.wav,b2c4aab90cfcb1b104c49ace1bd97cd0fcf57b256bbb98d2b2b0dbb63f87a7de,51294,current
summon/animal_02.wav,b99c41c77aeaac00f263befd2917a056d85079e2c8437043039312c0357ea187,50550,current
summon/demon_01.wav,c5363eae3f3661006290725c4baf09d962e94536f587e7c2f8b9f41d53795a43,85568,current
summon/demon_02.wav,bc75cb6f95d7d98e7a730acbc7cae35c8aa165dc7e28e1b8ff6db9a1e402a49c,85362,current
summon/demon_03.wav,be8dfa34df2b4e8b204adec5adef53d1b27f3245392abee5cb27fc2be09f6e44,81964,current
summon/dragon_01.wav,5f169bf8fdb45d5d16bcc6b4c5060efa9c8a4ea0ad4196ecf45890413de9ffb4,68164,current
summon/dragon_02.wav,d7bf8b645f919f6fb1bd5c757a62dfa10d556b8bebd4d081a3eefb19de29658a,70388,current
summon/dragon_03.wav,73bb3a0a71c680718f05be0bec276d22788ff585fce0a95ea1a17a571c778030,71312,current
summon/generic_01.wav,2e85a3cca3921258b2e1b9e86fb832f16ccc05408e3af235bfb094c10d2c2c0b,49664,current
summon/generic_02.wav,14279c5ca25b2f7515964c472fc4c825f95f30b5d222dea9c65938ab641e415a,51238,current
summon/generic_03.wav,9411d1a42c9686178c1286342f81a9c1742090a4593d2e488637dd9c8aa03730,48032,current
summon/hound_01.wav,e362b84fe01c4d36029caa069d96ab9292ec0bfc33fec7f31ba9ce0bf37fffba,49108,current
summon/hound_02.wav,606bb642b948cacc137c2c6e7268d20c45be8617a5b0952fba073cb070993818,49564,current
summon/hydra_01.wav,0ff8ca27d7dc3b505bd21e8e3d7382fee8ff7ae0800e58200c36f616adaa1bf0,60962,current
summon/hydra_02.wav,0c56ea01af252e3724254aaa910b6c8990742bc504b965cc908cf50dbcc74bb1,62302,current
summon/spider_01.wav,d382afecd517a32f35cedebc4a78180b292ca8db81c2355c19d8030e75891cac,60174,current
summon/spider_02.wav,1d599a82292e586c75763b0a260e0335d74d7f534d0d2c1413969cb22274e5e2,62148,current
summon/undead_01.wav,cd7f428fda384c79ac2811a09c1562a5829628c1e2c5fd41d1564e300393e088,64334,current
summon/undead_02.wav,fc0cd4b7bed0725685ff707ab45ebf0f25952469e040b86d3e7f17380816635a,64060,current
summon/undead_03.wav,ad8194ce2557ce6a385de86192fca8a0ffc50fb2596019cbeceef60fd9cf87cf,62758,current
summon/unique_01.wav,109b225ab80be6c3621eeb8d9309db72ba2f076bf21bc783f987f1e8e7b155b6,187612,current
summon/unique_02.wav,144c1344e64fce48e6b05614b45c0c0c95a01a36ea9f4ef3c4dba591adb7042b,187160,current
summon/world_echo_01.wav,77dd0730dcfedc98c26d5a9acc6d07f1b1ab1988c0409e28752429d3ce0012b7,143644,current
summon/world_echo_02.wav,5a9f730bc52d6ab0badad6d59ed2eea77f5168b88bf1e38b78c4ff4777dba6c0,139504,current
summon/wraith_01.wav,4ee56027ae65c08afe8966540b4a1691e163e768395f3aaab0d620a2a076c9c8,145420,current
summon/wraith_02.wav,a44191b5486258cb89fe12a45bf582bbc34681da625586fddfe3d90ac673cb0c,147152,current
ui/accept_01.wav,4a8663138f5fba66af454a6ad9a1955a9e5a861e8438df3ca95574be9f62c75a,7202,current
ui/accept_02.wav,f6dd84579f657cd3f5995264fe1cafc24314c8512af2e585b51213897cfbe4b4,7280,current
ui/back_01.wav,9ec054c617758a24f973ecc21ab096cab2e1e71c9d5d0a5c64987d450a20e520,6338,planned
ui/back_02.wav,2f526de01847696841e2a0f4d5aefba46d95c117cf244f3e62519503d06cf665,6456,planned
ui/change_01.wav,f15479aba329c53f9041f2e943e59a743bf3bad151a35e3ff5573286747fde26,5858,current
ui/change_02.wav,a3009760e726d0b6a25d923e1220def76296b796f747513c4b5564352ff63038,4700,current
ui/error_01.wav,a83fdf15ce70c99b7d628bc8f8ee66877a78ec3222edcbcf9272a398298be01c,11576,current
ui/error_02.wav,eddc173d1cbf0755b369c6bf5f94abc7b231d24419fa15e2c39cebe9528a41c6,11622,current
ui/hover_01.wav,ac626aaa2c6b3bd01da07b21e13201c7ff376291e85cbfc28d66390d4a5909e6,2962,planned
ui/hover_02.wav,59c9a1bb391708cadfe51c06d836ba302734869d8b3fe2144b3a43cfb2513f01,2690,planned
ui/navigate_01.wav,b752fe8456a0c5112ad3a25e826bd9396caa0e52f0bd3f32d456a537e5c0bd32,3838,current
ui/navigate_02.wav,c4de8c210a49fc31a6ac38e53330174dc40fec9873610099f1681f4c16c536eb,3662,current
ui/navigate_03.wav,865b4b48f8202fef01637d86bb6b4bec3b5337d3b0f732f8717d8583a5f9a53b,3544,current
ui/notice_01.wav,3277e8252351ddb49206d2b7974631177806ecbab242e0c07f089a96f9098a66,5666,current
ui/notice_02.wav,4d8f51c554ab6436e80aae19135b1eac5054272d9a189b3c2945e3eb796fa7dc,6086,current
ui/panel_close_01.wav,69e4d61eed2dfc7fc03fead9694beb21478fbc1a02ff15d65c589b2501f10917,5988,planned
ui/panel_close_02.wav,780abf21be5d92fe9c6ff5188f149d6dae030d3a960d47c210846e8f4425622b,7028,planned
ui/panel_open_01.wav,9b569f8fe0c3fd4bc9bed3404159d4ccb7a9a9395095d01fe1975ca2241036f9,11824,planned
ui/panel_open_02.wav,36e5bd62e371487615ccf6d2e02e1397a2dbecaa7e000cd54281f4e49be012a9,11554,planned
ui/popup_01.wav,9ca3562812298411efe6e41017b0fd1f8c420ebdf6b10c0b49ee8bcbfd364d50,7048,planned
ui/popup_02.wav,ec178443aa41fac4fd69bf0f4d34d29c63e97f0f8847361617590a16cdd35adc,7996,planned
ui/tab_change_01.wav,1cf74dd1163723c065178371a7f82d9e4668ddf6e4aedc594e08b19ea74b1e23,8362,planned
ui/tab_change_02.wav,83a7e0a3c11325e7bfffdca4b68b0c56aeca3c01191322be26b504376fe5302d,8264,planned
ui/toggle_off_01.wav,6a5350d034ce3532af00449b2b18d1f516a13718825b88baa6746d3e84005403,5998,planned
ui/toggle_off_02.wav,e82ee21c1f321895749d5e622906309a26ebf57439b27daf193c90373fed04de,5700,planned
ui/toggle_on_01.wav,b4419878fff051316a81c334fb79fe70dc04f8ddf15ed74a597c519258471d0b,6462,planned
ui/toggle_on_02.wav,bbbd7be27654fa91cddc597a11a99bffcf35c83489cff777abaf1173fb22ba80,6938,planned
world/home_enter_01.wav,fdd795e31ce508cf2a09d851742ef6312734242cd97d67025fe3f36acbeab40c,21522,current
world/home_enter_02.wav,8c134c5a2f706bc03441b5de75bf10640ec95df504b2a45c6ab9b3e57197284c,22640,current
world/store_enter_01.wav,34f2673f5fb58b1c61876a0c75a4c714a38c9288eac14422e0bc41864c6dcc10,24294,current
world/store_enter_02.wav,cf0e71c6b52970cc3cc7d3c41ee86d7759aa1cb3df5e83035fbd4221bffc1537,26248,current
world/store_leave_01.wav,b58b4c97d05ad435cfc9e2897b14860f56f985779444d040f459c5ee1b5a06f1,28404,current
world/store_leave_02.wav,01375c1db16de3bc02936a77152435d99363f8e69902fc809ab85740d7c1ff0f,26966,current
