"priority","cue_id","event_status","event_names","filename_pattern","variants","channels","target_length_ms","loop","design_direction","sequence_offsets_ms"
"A","ui.navigate","current","UI_NAVIGATE","ui/navigate_{nn}.wav","3","mono","35-65","no","Very quiet dry physical tick for keyboard or mouse selection movement; no beep"
"A","ui.accept","current","UI_ACCEPT","ui/accept_{nn}.wav","2","mono","55-95","no","Confident muted latch or fitted wooden click; positive but not celebratory"
"A","ui.change","current","UI_CHANGE","ui/change_{nn}.wav","2","mono","45-85","no","Small material shift for value changes and cycling choices"
"A","ui.error","current","BELL|NOTHING_TO_OPEN","ui/error_{nn}.wav","2","mono","90-150","no","Dry restrained refusal with a rough or downward contour; never a comic buzzer"
"B","ui.notice","current","NOTICE","ui/notice_{nn}.wav","2","mono","45-90","no","Soft attention cue distinct from navigation and acceptance"
"A","ui.hover","planned","PLANNED:UI_HOVER","ui/hover_{nn}.wav","2","mono","25-45","no","Barely audible pointer-hover texture; quieter and shorter than navigation"
"B","ui.back","planned","PLANNED:UI_BACK","ui/back_{nn}.wav","2","mono","55-100","no","Gentle release or unlatch for cancel and returning to the previous screen"
"B","ui.tab_change","planned","PLANNED:UI_TAB_CHANGE","ui/tab_change_{nn}.wav","2","mono","50-90","no","Paper or mechanical lateral shift that reads as changing a character-screen tab"
"B","ui.toggle_on","planned","PLANNED:UI_TOGGLE_ON","ui/toggle_on_{nn}.wav","2","mono","55-95","no","Small upward or closing action; distinguishable without relying only on pitch"
"B","ui.toggle_off","planned","PLANNED:UI_TOGGLE_OFF","ui/toggle_off_{nn}.wav","2","mono","55-95","no","Small downward or opening action paired with toggle on"
"B","ui.panel_open","planned","PLANNED:UI_PANEL_OPEN","ui/panel_open_{nn}.wav","2","mono","70-130","no","Light paper cloth or wooden reveal for menus cards and logs"
"B","ui.panel_close","planned","PLANNED:UI_PANEL_CLOSE","ui/panel_close_{nn}.wav","2","mono","60-120","no","Reverse physical gesture paired with panel open; also suitable for Escape"
"B","ui.popup","planned","PLANNED:UI_POPUP","ui/popup_{nn}.wav","2","mono","70-130","no","Restrained appearance cue for quest and information popups; no fanfare"
"B","movement.step","current","WALK","movement/step_{nn}.wav","6","mono","35-70","no","Extremely quiet neutral boot and gear contact usable on stone or packed earth; tonal residue only on C or G"
"A","movement.blocked","current","HITWALL","movement/blocked_{nn}.wav","3","mono","60-110","no","Dry failed movement with short tritone or neighbouring dissonance; informative rather than loud"
"A","movement.climb","current","SPELUNK_CLIMB","movement/climb_{nn}.wav","4","mono","65-120","no","Quiet hand boot rope and rock contact; close practical effort without a grunt"
"B","interaction.door_open","current","OPENDOOR","interaction/door_open_{nn}.wav","3","mono","180-350","no","Old timber latch hinge and slight room response; damp rather than haunted"
"B","interaction.door_close","current","SHUTDOOR","interaction/door_close_{nn}.wav","3","mono","160-300","no","Controlled timber closure and latch; no slam except natural variation"
"B","interaction.locked","current","LOCKPICK_FAIL","interaction/locked_{nn}.wav","2","mono","80-150","no","Metal mechanism refuses with a short tension release"
"B","interaction.unlock","current","LOCKPICK","interaction/unlock_{nn}.wav","2","mono","120-220","no","Subtle pin and latch success with no magical chime"
"B","interaction.stairs_up","current","STAIRS_UP","interaction/stairs_up_{nn}.wav","2","mono","180-350","no","Short boot stone and upward gear movement; no transition fanfare"
"B","interaction.stairs_down","current","STAIRS_DOWN","interaction/stairs_down_{nn}.wav","2","mono","180-350","no","Short descending boot stone and gear movement paired with stairs up"
"B","interaction.dig","current","DIG","interaction/dig_{nn}.wav","4","mono","140-280","no","Tool against earth rock or rubble with restrained debris"
"B","interaction.disarm","current","DISARM","interaction/disarm_{nn}.wav","2","mono","130-240","no","Careful tension release and small mechanism made safe"
"B","interaction.create_trap","current","CREATE_TRAP","interaction/create_trap_{nn}.wav","3","mono","140-260","no","Fast placement of a small physical snare spike or mechanism"
"A","spelunk.piton_hammer","current","PITON_HAMMER","spelunk/piton_hammer_{nn}.wav","4","mono","140-240","no","Convincing iron hammer on piton in stone with a short rock response; weight without cinematic bass","0|165|330"
"A","spelunk.rope_deploy","current","ROPE_DEPLOY","spelunk/rope_deploy_{nn}.wav","4","mono","300-650","no","Hand releases coil then hemp rope whirrps downward; descending motion must be clear"
"A","fishing.cast","current","FISHING_CAST","fishing/cast_{nn}.wav","4","mono","280-550","no","Rod load line flight and modest water entry as one quick readable action"
"A","fishing.bite","current","FISHING_BITE","fishing/bite_{nn}.wav","3","mono","100-190","no","Unmistakable line or float twitch against rain and water; attentive not alarming"
"A","fishing.reel","current","FISHING_REEL","fishing/reel_{nn}.wav","4","mono","70-140","no","Short hand reel mechanism and taut line motion suitable for repeated turns"
"B","fishing.line_move","current","FISHING_MOVE","fishing/line_move_{nn}.wav","4","mono","60-120","no","Small lateral line tension and water contact; quieter than reel"
"A","fishing.catch","current","FISHING_CATCH","fishing/catch_{nn}.wav","3","mono","260-500","no","Wet lift line release and modest fish movement; satisfying without a reward jingle"
"B","fishing.escape","current","FISHING_ESCAPE","fishing/escape_{nn}.wav","3","mono","220-420","no","Tension slips line snaps free and water settles; disappointment without an error buzzer"
"B","world.store_enter","current","STORE_ENTER","world/store_enter_{nn}.wav","2","mono","180-350","no","Door threshold room tone and subtle mercantile material; no shop jingle"
"B","world.store_leave","current","STORE_LEAVE","world/store_leave_{nn}.wav","2","mono","160-320","no","Threshold closes behind player and exterior air returns"
"B","world.home_enter","current","STORE_HOME","world/home_enter_{nn}.wav","2","mono","180-350","no","Familiar softer latch and room response distinct from a commercial shop"
"B","inventory.pickup","current","PICKUP","inventory/pickup_{nn}.wav","4","mono","70-140","no","Small cloth leather wood or metal collection gesture neutral across object types"
"B","inventory.drop","current","DROP","inventory/drop_{nn}.wav","4","mono","80-170","no","Controlled object set-down with mixed material detail; not a heavy impact"
"B","inventory.wield","current","WIELD","inventory/wield_{nn}.wav","3","mono","100-190","no","Gear drawn adjusted or fastened; broadly usable across weapons and armour"
"B","inventory.quiver","current","QUIVER","inventory/quiver_{nn}.wav","2","mono","80-150","no","Arrow shaft fletching and container movement kept brief"
"B","inventory.destroy","current","DESTROY","inventory/destroy_{nn}.wav","3","mono","130-260","no","Compact tear snap or crush family without implying one exact material"
"B","commerce.coin_small","current","MONEY1","commerce/coin_small_{nn}.wav","3","mono","80-150","no","One or two restrained old coins; avoid arcade pickup language"
"B","commerce.coin_medium","current","MONEY2","commerce/coin_medium_{nn}.wav","3","mono","100-190","no","Small handful or purse movement; heavier than coin small"
"B","commerce.coin_large","current","MONEY3","commerce/coin_large_{nn}.wav","3","mono","130-240","no","Weighty purse or several coins with leather; not a jackpot flourish"
"B","commerce.store_reject","current","STORE1","commerce/store_reject_{nn}.wav","2","mono","80-150","no","Muted counter or paper refusal without vocalisation"
"B","commerce.store_poor","current","STORE2","commerce/store_poor_{nn}.wav","2","mono","70-140","no","Noncommittal small counter gesture"
"B","commerce.store_fair","current","STORE3","commerce/store_fair_{nn}.wav","2","mono","80-150","no","Clean modest agreement gesture"
"B","commerce.store_good","current","STORE4","commerce/store_good_{nn}.wav","2","mono","90-170","no","Warmer agreement with slightly more material weight"
"B","commerce.store_sale","current","STORE5","commerce/store_sale_{nn}.wav","3","mono","110-210","no","Coin purse and counter exchange; satisfying but ordinary commerce"
"B","larder.donate","current","LARDER_DONATE","larder/donate_{nn}.wav","3","mono","160-300","no","Basket crate or wrapped provisions placed into communal storage"
"B","larder.milestone","current","LARDER_MILESTONE|OBJECTIVE_COMPLETE","larder/milestone_{nn}.wav","1","stereo","550-1000","no","Warm restrained acknowledgement for community milestones and important discoveries using wood metal and open fifth colour; no arcade fanfare"
"B","progress.level","current","LEVEL","progress/level_{nn}.wav","1","stereo","500-900","no","Quiet increase in capability with practical material rise and C-G colour; never an arcade level-up"
"B","progress.study","current","STUDY","progress/study_{nn}.wav","2","mono","160-320","no","Paper graphite page or instrument adjustment suggesting understanding"
"B","progress.identify_bad","current","IDENT_BAD","progress/identify_bad_{nn}.wav","1","mono","160-260","no","Dry unstable reveal that reads as undesirable without duplicating UI error"
"B","progress.identify_ego","current","IDENT_EGO","progress/identify_ego_{nn}.wav","1","mono","200-350","no","Subtle resonant reveal of unusual workmanship"
"B","progress.identify_artifact","current","IDENT_ART","progress/identify_artifact_{nn}.wav","1","stereo","350-650","no","Rare deep material resonance and open space; impressive but not a fanfare"
"A","combat.swing_miss","current","MISS","combat/swing_miss_{nn}.wav","4","mono","90-170","no","Close weapon or limb displacement with no baked impact"
"A","combat.hit_light","current","HIT","combat/hit_light_{nn}.wav","5","mono","70-140","no","Fast restrained physical contact with light body or material response"
"B","combat.hit_good","current","HIT_GOOD","combat/hit_good_{nn}.wav","4","mono","90-170","no","Firmer contact and more body than hit light without large low end"
"A","combat.hit_heavy","current","HIT_GREAT","combat/hit_heavy_{nn}.wav","4","mono","110-210","no","Heavy decisive contact with weight debris or armour response"
"C","combat.hit_superb","current","HIT_SUPERB","combat/hit_superb_{nn}.wav","3","mono","140-260","no","Exceptional force with controlled low-mid weight and short environmental response"
"D","combat.hit_exceptional","current","HIT_HI_GREAT|HIT_HI_SUPERB","combat/hit_exceptional_{nn}.wav","3","mono","170-320","no","Rarest impact tier; unmistakable structure and weight without clipping or trailer boom"
"B","combat.shoot","current","SHOOT","combat/shoot_{nn}.wav","4","mono","90-180","no","Bow string shaft or other ranged release only; never include flight ending or impact"
"B","combat.shoot_hit","current","SHOOT_HIT","combat/shoot_hit_{nn}.wav","4","mono","80-160","no","Compact projectile contact with body armour wood or stone-neutral detail; no release"
"B","combat.kill","current","KILL","combat/kill_{nn}.wav","3","mono","150-280","no","Final collapse or tension release layered lightly over the finishing impact; not celebratory"
"D","combat.kill_unique","current","KILL_UNIQUE","combat/kill_unique_{nn}.wav","1","stereo","650-1200","no","Rare uncanny presence collapses or releases; sombre discovery rather than victory jingle"
"D","combat.kill_final","current","KILL_KING","combat/kill_final_{nn}.wav","1","stereo","1000-2000","no","Major local threat breaks and the space changes; grave restrained and compatible with later ending audio"
"A","player.death","current","DEATH","player/death_{nn}.wav","2","stereo","700-1400","no","Breath equipment and world recession; serious without graphic agony or melodramatic sting"
"B","player.flee","current","FLEE","player/flee_{nn}.wav","2","mono","90-170","no","Urgent gear and retreat motion without a voice line"
"A","player.low_health","current","HITPOINT_WARN","player/low_health_{nn}.wav","1","mono","180-320","no","Critical dry pulse breath or gear resonance clear on laptop speakers and distinct from all UI and fishing cues"
"A","ability.teleport","current","TELEPORT","ability/teleport_{nn}.wav","3","mono","250-500","no","Physical space shears folds or evacuates around a close onset; no laser"
"C","ability.teleport_other","current","TPOTHER","ability/teleport_other_{nn}.wav","2","mono","260-520","no","Mid-field version of teleport with outward removal perspective"
"C","ability.teleport_level","current","TPLEVEL","ability/teleport_level_{nn}.wav","2","stereo","450-850","no","Larger spatial discontinuity implying a whole-level displacement"
"C","ability.spell","current","SPELL","ability/spell_{nn}.wav","4","mono","180-400","no","Generic anomalous action from transformed physical sources; neutral enough for several effects"
"C","ability.prayer","current","PRAYER","ability/prayer_{nn}.wav","2","mono","220-450","no","Focused breath material resonance and intent; avoid choir church bell or religious cliché"
"C","ability.artifact","current","ACT_ARTIFACT","ability/artifact_{nn}.wav","3","mono","260-520","no","Old object activates with mechanical material and anomalous layer"
"C","ability.staff","current","USE_STAFF","ability/staff_{nn}.wav","3","mono","180-380","no","Wood hand contact and released resonance; no generic wand sparkle"
"C","ability.rod","current","ZAP_ROD","ability/rod_{nn}.wav","3","mono","170-360","no","Rigid instrument discharges a focused anomaly distinct from staff"
"C","ability.rune","current","RUNE","ability/rune_{nn}.wav","3","mono","220-450","no","Mark or inscription catches with stone graphite wire and unstable resonance"
"B","consumable.quaff","current","QUAFF","consumable/quaff_{nn}.wav","3","mono","150-300","no","Bottle stopper liquid swallow and small breath; practical field chemistry"
"B","consumable.eat","current","EAT","consumable/eat_{nn}.wav","4","mono","140-280","no","Brief wrapped ration fungus or food handling without wet exaggeration"
"C","status.recover","current","RECOVER","status/recover_{nn}.wav","3","mono","180-360","no","Breath steadies and harsh layer clears; relief without reward chime"
"C","status.blind","current","BLIND","status/blind_{nn}.wav","2","mono","160-300","no","High detail occludes and space dulls abruptly; still comfortable"
"C","status.confused","current","CONFUSED","status/confused_{nn}.wav","2","mono","180-340","no","Short unstable spatial or rhythmic misalignment from acoustic material"
"C","status.poisoned","current","POISONED","status/poisoned_{nn}.wav","2","mono","180-360","no","Organic irritation and breath response; avoid cartoon bubbling"
"C","status.afraid","current","AFRAID","status/afraid_{nn}.wav","2","mono","180-350","no","Breath catches and nearby material narrows; no scream"
"C","status.paralyzed","current","PARALYZED","status/paralyzed_{nn}.wav","2","mono","170-330","no","Motion arrests with tension lock; distinct from cold"
"C","status.drugged","current","DRUGGED","status/drugged_{nn}.wav","2","mono","220-420","no","Body and room perception smear through an organic unstable layer"
"C","status.speed","current","SPEED","status/speed_{nn}.wav","2","mono","140-280","no","Breath gear and detail tighten with a quick forward envelope"
"C","status.slow","current","SLOW","status/slow_{nn}.wav","2","mono","180-360","no","Material drag and extended resistance without comic pitch drop"
"C","status.shield","current","SHIELD","status/shield_{nn}.wav","2","mono","190-380","no","Protective surface settles close around player with dense physical resonance"
"C","status.blessed","current","BLESSED","status/blessed_{nn}.wav","2","mono","220-420","no","Calm alignment and open-fifth colour; no choir or church language"
"C","status.hero","current","HERO","status/hero_{nn}.wav","2","mono","180-340","no","Breath stance and equipment settle into confidence; not a fanfare"
"C","status.bold","current","BOLD","status/bold_{nn}.wav","2","mono","150-300","no","Short steadying cue related to hero but lighter"
"C","status.berserk","current","BERSERK","status/berserk_{nn}.wav","2","mono","220-430","no","Breath pulse and gear tension become forceful without a voiced roar"
"C","status.protection","current","PROT_EVIL","status/protection_{nn}.wav","2","mono","220-440","no","Rough hostile pressure is held beyond a close material boundary; avoid moral or religious signifiers"
"D","status.invulnerable","current","INVULN","status/invulnerable_{nn}.wav","2","stereo","300-600","no","Rare dense enclosure and spatial stillness conveying near-total protection"
"C","status.see_invisible","current","SEE_INVIS","status/see_invisible_{nn}.wav","2","mono","180-360","no","A hidden high texture resolves into stable material detail"
"C","status.infravision","current","INFRARED","status/infravision_{nn}.wav","2","mono","180-360","no","Low warm organic perception opens; distinct from ordinary sight reveal"
"C","status.resist_acid","current","RES_ACID","status/resist_acid_{nn}.wav","2","mono","170-330","no","Corrosive texture meets and fails against a protective surface"
"C","status.resist_electric","current","RES_ELEC","status/resist_electric_{nn}.wav","2","mono","150-300","no","Dry electrical texture grounded into metal or stone; no laser zap"
"C","status.resist_fire","current","RES_FIRE","status/resist_fire_{nn}.wav","2","mono","170-330","no","Heat flare settles behind a dense protective layer"
"C","status.resist_cold","current","RES_COLD","status/resist_cold_{nn}.wav","2","mono","180-350","no","Brittle air and cloth tension stabilize; distinct from paralysis"
"C","status.resist_poison","current","RES_POIS","status/resist_poison_{nn}.wav","2","mono","180-350","no","Organic irritation is filtered or shed; related to poisoned but clearly protective"
"C","status.stun","current","STUN","status/stun_{nn}.wav","3","mono","90-180","no","Short blunt disorientation with fast recovery and no tinnitus cliché"
"C","status.cut","current","CUT","status/cut_{nn}.wav","3","mono","80-160","no","Cloth leather and sharp contact; restrained and not gory"
"C","status.cursed","current","CURSED","status/cursed_{nn}.wav","2","mono","220-430","no","Object or body acquires an abrasive persistent wrongness from physical sources"
"B","status.hungry","current","HUNGRY","status/hungry_{nn}.wav","2","mono","150-280","no","Quiet body and equipment cue; no stomach comedy"
"C","status.drain","current","DRAIN_STAT","status/drain_{nn}.wav","2","mono","220-430","no","Strength or clarity leaves inwardly with a dry subtractive envelope"
"C","status.scramble","current","SCRAMBLE","status/scramble_{nn}.wav","2","mono","220-430","no","Several material identities briefly exchange or misalign without digital glitch cliché"
"C","monster.hit","current","MON_HIT","monster/hit_{nn}.wav","4","mono","80-160","no","Mid-field generic physical strike distinct in perspective from the player's hit"
"C","monster.touch","current","MON_TOUCH","monster/touch_{nn}.wav","3","mono","90-180","no","Unwelcome close contact using skin cloth damp or surface texture without fixed species"
"C","monster.punch","current","MON_PUNCH","monster/punch_{nn}.wav","3","mono","90-180","no","Compact blunt limb impact at mid-field"
"C","monster.kick","current","MON_KICK","monster/kick_{nn}.wav","3","mono","100-200","no","Heavier extended blunt impact with ground or gear response"
"A","monster.claw","current","MON_CLAW","monster/claw_{nn}.wav","3","mono","90-180","no","Fast scrape tear or hard claw across gear; non-gory and species-neutral"
"A","monster.bite","current","MON_BITE","monster/bite_{nn}.wav","3","mono","90-190","no","Jaw snap pressure and gear or body contact without identifiable animal library call"
"C","monster.sting","current","MON_STING","monster/sting_{nn}.wav","3","mono","70-140","no","Small fast puncture and irritant detail; readable without extreme high frequency"
"C","monster.butt","current","MON_BUTT","monster/butt_{nn}.wav","3","mono","100-200","no","Dense head or body collision with a short shove"
"C","monster.crush","current","MON_CRUSH","monster/crush_{nn}.wav","3","mono","140-270","no","Sustained mass pressure debris and gear strain; avoid sub-heavy cinema"
"C","monster.engulf","current","MON_ENGULF","monster/engulf_{nn}.wav","3","mono","160-300","no","Player is surrounded by organic fluid granular or vaporous material"
"C","monster.crawl","current","MON_CRAWL","monster/crawl_{nn}.wav","3","mono","110-220","no","Many small contacts or one low body across ground; no exact insect species"
"C","monster.drool","current","MON_DROOL","monster/drool_{nn}.wav","2","mono","130-240","no","Viscous organic fall kept restrained and short"
"C","monster.spit","current","MON_SPIT","monster/spit_{nn}.wav","3","mono","100-210","no","Wet or corrosive projectile release only with no baked impact"
"C","monster.gaze","current","MON_GAZE","monster/gaze_{nn}.wav","2","mono","200-400","no","Attention locks onto player through a narrow uncanny material focus; no vocal"
"C","monster.wail","current","MON_WAIL","monster/wail_{nn}.wav","3","mono","300-650","no","Nonverbal transformed breath resonance usable across impossible creatures; no human phrase"
"C","monster.spore","current","MON_SPORE","monster/spore_{nn}.wav","3","mono","170-340","no","Dry organic puff small rupture and drifting particulate"
"C","monster.beg","current","MON_BEG","monster/beg_{nn}.wav","2","mono","250-500","no","Ambiguous nonverbal pleading posture or breath; no intelligible words"
"C","monster.insult","current","MON_INSULT","monster/insult_{nn}.wav","3","mono","220-450","no","Hostile nonverbal bark gesture or material taunt; no language"
"C","monster.moan","current","MON_MOAN","monster/moan_{nn}.wav","3","mono","300-650","no","Low nonverbal body or cavity resonance; not recognisably human stock audio"
"C","monster.shriek","current","SHRIEK","monster/shriek_{nn}.wav","3","mono","220-480","no","Sharp alarm from transformed breath and material; control painful upper frequencies"
"C","monster.fear_cast","current","CAST_FEAR","monster/fear_cast_{nn}.wav","2","mono","220-450","no","Threat projects outward as pressure and rough resonance rather than spoken spell"
"C","monster.multiply","current","MULTIPLY","monster/multiply_{nn}.wav","3","mono","170-340","no","One body becomes several through clustered organic or granular movement"
"A","breath.fire","current","BR_FIRE","breath/fire_{nn}.wav","3","mono","350-700","no","Forceful combustion and heated air with creature-driven onset; broad but not explosive trailer fire"
"C","breath.elements","current","BR_ELEMENTS","breath/elements_{nn}.wav","2","mono","400-800","no","Layered incompatible materials held coherent by one expelled gesture"
"C","breath.frost","current","BR_FROST","breath/frost_{nn}.wav","2","mono","350-700","no","Expelled cold air crystals and contracting surfaces; not generic wind only"
"C","breath.electric","current","BR_ELEC","breath/electric_{nn}.wav","2","mono","320-650","no","Creature pressure releases branching dry electricity through air and stone"
"C","breath.acid","current","BR_ACID","breath/acid_{nn}.wav","2","mono","350-700","no","Projected corrosive liquid mist and surface reaction; non-gory"
"C","breath.gas","current","BR_GAS","breath/gas_{nn}.wav","2","mono","400-800","no","Pressurised toxic cloud with organic source and spreading body"
"D","breath.disenchant","current","BR_DISEN","breath/disenchant_{nn}.wav","2","mono","380-760","no","Worked material and stored resonance unravel under an expelled abrasive field"
"D","breath.chaos","current","BR_CHAOS","breath/chaos_{nn}.wav","2","mono","400-800","no","Several acoustic rules destabilize while retaining a clear attack onset"
"D","breath.shards","current","BR_SHARDS","breath/shards_{nn}.wav","2","mono","300-620","no","Dense propelled mineral glass or ceramic fragments with controlled brightness"
"D","breath.sound","current","BR_SOUND","breath/sound_{nn}.wav","2","mono","350-700","no","Physical pressure wave and resonant environment; safe monitoring level and no pure painful tone"
"D","breath.light","current","BR_LIGHT","breath/light_{nn}.wav","2","mono","320-650","no","Air and material bleach into bright open resonance without sparkle cliché"
"D","breath.dark","current","BR_DARK","breath/dark_{nn}.wav","2","mono","380-760","no","Nearby detail is swallowed by dense moving pressure; retain midrange audibility"
"D","breath.nether","current","BR_NETHER","breath/nether_{nn}.wav","2","mono","400-800","no","Organic presence and room tone hollow away into an impossible depth"
"D","breath.nexus","current","BR_NEXUS","breath/nexus_{nn}.wav","2","mono","400-800","no","Several spatial layers exchange position around one forceful onset"
"D","breath.time","current","BR_TIME","breath/time_{nn}.wav","2","mono","420-850","no","Natural attack decay misorders or doubles subtly; avoid digital rewind cliché"
"D","breath.inertia","current","BR_INERTIA","breath/inertia_{nn}.wav","2","mono","380-760","no","Heavy expelled motion drags rapidly into resistant mass"
"D","breath.gravity","current","BR_GRAVITY","breath/gravity_{nn}.wav","2","mono","400-800","no","Air gear and stone compress downward with controlled low-mid weight"
"D","breath.plasma","current","BR_PLASMA","breath/plasma_{nn}.wav","2","mono","350-700","no","Hot ionised material with fire and electricity ancestry but its own continuous body"
"D","breath.force","current","BR_FORCE","breath/force_{nn}.wav","2","mono","300-620","no","Clean physical shove through air and nearby loose material"
"A","summon.generic","current","SUM_MONSTER","summon/generic_{nn}.wav","3","mono","350-700","no","Space and ground admit another nearby presence; physical uncanny and concise"
"D","summon.world_echo","current","SUM_WORLD_ECHO","summon/world_echo_{nn}.wav","2","stereo","450-850","no","A displaced intelligence arrives as physical material briefly losing alignment; strange but neither holy nor triumphant"
"D","summon.undead","current","SUM_UNDEAD|SUM_HI_UNDEAD","summon/undead_{nn}.wav","3","mono","400-800","no","Dry breath bone cloth and empty room gather; high-tier use may layer variants at runtime"
"D","summon.animal","current","SUM_ANIMAL","summon/animal_{nn}.wav","2","mono","320-620","no","Ground brush breath and many feet approach without identifiable species call"
"D","summon.spider","current","SUM_SPIDER","summon/spider_{nn}.wav","2","mono","320-650","no","Fine clustered contacts tensioned thread and dry surface movement"
"D","summon.hound","current","SUM_HOUND","summon/hound_{nn}.wav","2","mono","330-650","no","Fast grouped foot and breath pressure without recognisable dog recording"
"D","summon.hydra","current","SUM_HYDRA","summon/hydra_{nn}.wav","2","mono","420-820","no","Large wet scaled mass and several breaths enter together; no literal stock reptile"
"D","summon.demon","current","SUM_DEMON|SUM_HI_DEMON","summon/demon_{nn}.wav","3","mono","450-900","no","Hostile lower pressure metal heat and stone disturbance; no choir or genre cliché"
"D","summon.dragon","current","SUM_DRAGON|SUM_HI_DRAGON","summon/dragon_{nn}.wav","3","mono","450-900","no","Very large wing air scale and ground weight without a stock roar"
"D","summon.wraith","current","SUM_WRAITH","summon/wraith_{nn}.wav","2","stereo","450-900","no","Presence condenses from missing room tone breath and cloth-like motion; no speech"
"D","summon.unique","current","SUM_UNIQUE","summon/unique_{nn}.wav","2","stereo","600-1100","no","A singular named threat enters and briefly changes the acoustic space"
"A","music.home","current","MUSIC_HOME","music/home_theme_{nn}.wav","1","stereo","180000-180000","yes","Three-minute authored home-screen composition; stop on departure and loop only while the home presentation remains active"
"A","ambient.surface_day","current","AMBIENT_DAY","ambient/surface_day_{nn}.wav","2","stereo","45000-90000","yes","Rain-worn watershed by day: rain soil timber distant water and sparse work; no melody or conspicuous loop event"
"D","ambient.surface_night","current","AMBIENT_NITE","ambient/surface_night_{nn}.wav","2","stereo","45000-90000","yes","Cooler night rain wind wet vegetation timber strain and distant life; safe and subdued rather than horror bed"
"D","ambient.meridian_shallow","current","AMBIENT_DNG1","ambient/meridian_shallow_{nn}.wav","2","stereo","45000-90000","yes","Near-surface wet stone drips timber support air and remote practical activity"
"D","ambient.meridian_upper","current","AMBIENT_DNG2","ambient/meridian_upper_{nn}.wav","2","stereo","45000-90000","yes","Rock opens into less plausible volume with water and distant material resonance"
"D","ambient.meridian_middle","current","AMBIENT_DNG3","ambient/meridian_middle_{nn}.wav","2","stereo","45000-90000","yes","Buried ecology and incompatible structure coexist; physical detail with restrained anomaly"
"D","ambient.meridian_lower","current","AMBIENT_DNG4","ambient/meridian_lower_{nn}.wav","2","stereo","45000-90000","yes","Pressure depth stressed material and infrequent impossible resonance; no constant drone"
"D","ambient.meridian_deep","current","AMBIENT_DNG5","ambient/meridian_deep_{nn}.wav","2","stereo","45000-90000","yes","Deepest hostile watershed scale and buried-world wrongness with silence and headroom preserved"
