name,type,rating,rows,columns,min_depth,max_depth,flags,family,seed,pressure,rewards,hazards,terrain,theme
Rain-Cistern Knot,Lesser vault (new),6,15,19,0,0,,rings,270302413,17,8,2,12,"A knotted civic cistern where mineral rain has hardened into concentric shelves"
Surveyor's Lockbox,Lesser vault (new),8,11,13,0,0,FEW_ENTRANCES,districts,270302429,4,8,0,4,"A sealed field cache with misleading compartments and one defensible approach"
Collapsed Milepost,Lesser vault (new),8,19,21,0,0,,terraces,270302447,36,13,1,18,"A buried road marker split into offset levels by subsidence"
Reedglass Lens,Lesser vault (new),4,13,17,0,0,,spokes,270302459,19,4,1,10,"A fractured optical station whose braces focus movement toward its centre"
Ashlar Roost,Lesser vault (new),0,14,13,25,40,FEW_ENTRANCES,ribs,270302477,5,8,1,8,"A narrow masonry refuge colonised above an abandoned survey shaft"
Tidewheel Crossing,Lesser vault (new),5,17,21,0,0,,sluice,270302489,19,17,1,20,"A jammed water wheel and crossing channels enclosing several risky caches"
Silted Tollhouse,Medium vault (new),5,13,27,0,0,,districts,270302501,7,2,5,18,"A road levy station filled by successive layers of flood silt"
Hollow Orchard,Medium vault (new),5,19,29,20,0,,islands,270302519,6,2,7,35,"Root chambers and dead planting beds surrounding a hollow central court"
Redwater Sluice,Medium vault (new),15,21,31,20,60,,sluice,270302537,10,3,11,40,"A mineral-red flow control whose gates divide several contested channels"
The Nine Braces,Medium vault (new),10,21,33,0,0,,ribs,270302549,7,7,11,18,"Nine structural braces holding apart two incompatible buried layers"
Cinder Survey,Medium vault (new),15,22,31,30,80,,terraces,270302563,12,6,16,42,"An unfinished measured excavation burned through by a later heat seam"
Moss-Court Foundry,Medium vault (new),18,21,21,40,0,,cloister,270302579,10,5,8,24,"A compact foundry arranged around a damp court where its fires failed"
Salt Ledger,Medium vault (new),15,15,23,20,40,,districts,270302597,7,5,11,12,"Counting rooms and bonded stores cut into pale salt-bearing rock"
Lantern Weir,Medium vault (new),15,19,29,0,0,,sluice,270302609,10,3,11,36,"A stepped weir marked by old lamp niches and defended inspection walks"
Broken Aqueduct,Medium vault (new),15,13,27,0,0,,causeway,270302627,8,2,4,28,"Two severed conduits linked by exposed maintenance ledges"
Drowned Counting House,Medium vault (new),0,15,21,0,0,,districts,270302641,6,2,8,26,"Flooded offices whose scattered strong rooms outlived their records"
Pumice Cloister,Medium vault (new),10,21,23,10,40,,cloister,270302659,9,5,13,30,"A porous volcanic cloister built around an unstable warm hollow"
The Long Seep,Medium vault (new),10,22,31,20,60,,braid,270302671,9,2,7,48,"Interlaced cracks carrying water across a long abandoned gallery"
Rootbound Exchange,Medium vault (new),15,21,33,60,0,FEW_ENTRANCES,districts,270302687,14,6,16,38,"A buried trading hall pinned shut by roots and reached through two service mouths"
Faultwatch Barracks,Medium vault (new),5,22,23,0,45,,ribs,270302699,7,3,7,20,"A watch post whose bunks and stores face a monitored geological break"
Rain Bell Galleries,Medium vault (new),8,17,9,55,75,FEW_ENTRANCES,galleries,270302713,3,2,5,10,"A thin vertical sequence of resonant chambers reached through a single gate"
The Severed Causeway,Greater vault (new),15,23,35,0,0,,causeway,270302731,48,9,44,45,"A broad transit deck broken into exposed lanes around a central gulf"
Archive of Unfinished Roads,Greater vault (new),40,31,39,80,0,,districts,270302749,75,18,88,55,"A fortified plan archive where corridors terminate in competing unrealised routes"
Stormglass Reservoir,Greater vault (new),30,27,35,30,0,,sluice,270302767,54,17,44,70,"A pressure reservoir divided by glassy spill walls and inspection islands"
The Folded Quarry,Greater vault (new),30,13,41,60,0,FEW_ENTRANCES,quarry,270302779,54,9,12,48,"A long extraction face folded back on itself around a protected mineral seam"
Confluence Engine,Greater vault (new),10,41,61,35,50,,engine,270302791,48,11,22,80,"A vast hydraulic calculator whose rings once compared several watersheds"
Sunken Parliament,Greater vault (new),35,33,33,45,70,FEW_ENTRANCES,cloister,270302807,70,14,52,75,"Tiered civic chambers submerged after their drainage compact failed"
Blackwater Switchyard,Greater vault (new),20,43,63,0,45,FEW_ENTRANCES,switchyard,270302821,64,13,29,95,"Parallel underground haul routes crossing a dark and contaminated water table"
Ember Census,Greater vault (new),30,41,65,0,0,FEW_ENTRANCES,districts,270302839,107,32,74,100,"A dense administrative district where heat was measured room by room"
The Hollow Watershed,Greater vault (new),15,31,59,50,0,FEW_ENTRANCES,braid,270302851,54,11,32,110,"A dry basin of branching channels surrounding a dangerous empty centre"
Meridian Brakeworks,Greater vault (new),15,23,37,0,0,,switchyard,270302869,38,13,27,38,"Redundant braking galleries built to arrest movement along the Meridian"
The Unmoored District,Greater vault (new),45,39,55,90,0,FEW_ENTRANCES,districts,270302887,80,22,59,90,"A complete deep district shifted away from the strata that once supported it"
Last Survey Annex,Greater vault (new),15,23,37,30,0,FEW_ENTRANCES,engine,270302899,48,11,37,45,"A sealed field annex built around a damaged survey instrument"
